Tag,V1,V2,V3,V4,V5,V6,V7,V8,V9,V10,V11,V12
0,-1.033949265,-1.108996117,-0.830826462,-0.731245417,-0.823361279,-0.745004989,-0.73446587,-0.854031657,-1.00826869,-1.148568616,-1.158554647,-1.487359652
1,-1.004889711,-0.905920074,-1.054269882,-0.861078869,-0.858748129,-0.831025751,-0.624365974,-0.809439411,-0.81624004,-1.106507223,-1.115793913,-1.41041639
2,-1.039030097,-0.927195868,-0.969134921,-0.796007861,-0.766517527,-0.732317662,-0.76857406,-0.809598614,-1.073417543,-0.902598319,-1.422172751,-1.426163959
3,-0.946025801,-0.902838869,-0.984635832,-0.810767669,-0.901260966,-0.939424906,-0.781151331,-0.894822497,-0.950974239,-0.933550133,-1.290456799,-1.371543374
4,-0.931709781,-1.015612775,-0.960075055,-0.981893339,-0.823604592,-0.833576106,-0.793076754,-0.811961797,-0.947898023,-1.062671281,-1.29713967,-1.296621427
5,-0.921180597,-1.025124334,-1.002445081,-0.693649837,-0.590327897,-0.759325923,-0.755291161,-0.820891139,-1.025077417,-0.997376825,-1.059144024,-1.144783874
6,-0.910969358,-0.981047269,-0.947565609,-0.944273456,-0.727437806,-0.747105618,-0.786116317,-0.799038679,-0.888095742,-1.038421432,-1.134195179,-1.299060511
7,-0.972189976,-1.030557195,-0.876964761,-0.780595503,-0.740511708,-0.722072931,-0.802720305,-0.879264403,-0.947330138,-1.07381103,-1.235269428,-1.534157811
8,-1.013957775,-1.144629817,-0.949201371,-0.883522815,-0.926022175,-0.894227044,-0.697293302,-1.043132133,-0.874479333,-1.16799973,-1.266670461,-1.387029691
9,-1.060742487,-0.908709388,-0.939990214,-0.730273364,-0.818268584,-0.871041539,-0.59617458,-0.8448152,-1.179738111,-1.060435073,-1.309368381,-1.250204711
10,-1.060880058,-1.050765638,-1.041116627,-0.907380557,-0.822387589,-0.688385978,-0.941793263,-0.82819448,-0.980117472,-1.085992442,-1.347478362,-1.43309327
11,-0.801297033,-0.964674645,-0.832718293,-0.781965682,-0.790729771,-0.781078336,-0.816231737,-0.744613802,-0.968003864,-1.273257056,-1.296228538,-1.491246931
12,-0.988642839,-1.039524858,-0.857457505,-0.714688599,-0.776075261,-0.652236318,-0.824538207,-0.746669257,-0.945405905,-1.117480712,-1.21096371,-1.482966274
13,-0.947105099,-0.872278102,-0.944755302,-0.789370903,-0.911263651,-0.663719534,-0.699210857,-0.941242589,-0.94812987,-1.109570145,-1.302734969,-1.374748921
14,-0.927827476,-0.908051626,-0.952013288,-0.785813156,-0.8854083,-0.731552936,-0.872007049,-0.996780146,-0.92697627,-1.101673048,-1.34252581,-1.372816055
15,-0.985207924,-0.923271918,-1.046353398,-0.701448063,-0.814153594,-0.62163639,-0.754560146,-0.930260009,-1.033924495,-0.941178088,-1.198454308,-1.205443182
16,-1.084626659,-0.97464822,-0.791322925,-0.855082499,-0.678641865,-0.897066735,-0.670043507,-0.911538895,-0.853598085,-1.087216199,-1.098634724,-1.45231461
17,-1.019960771,-0.97961243,-0.934428535,-0.791579759,-0.762216548,-0.738273223,-0.945051638,-0.966565002,-0.931951727,-1.037508254,-1.297691764,-1.255617479
18,-0.926722013,-0.916231609,-1.008507299,-0.687636162,-0.827123266,-0.706651835,-0.846802732,-0.78670005,-0.923963282,-1.014041715,-1.221936568,-1.270656062
19,-0.960625466,-0.923501487,-0.893128879,-0.814264148,-0.767727414,-0.880352655,-0.861042616,-0.809237854,-0.920076164,-1.073281205,-1.239765694,-1.501070336
20,-1.118960388,-0.93088375,-0.893658704,-0.824648015,-0.710806977,-0.65201653,-0.704103693,-0.775086896,-0.903240458,-1.180238553,-1.183294343,-1.443473609
21,-1.011207052,-1.09764197,-1.067872658,-0.879292874,-0.749645387,-0.830240943,-0.754112397,-0.711796028,-0.908162052,-1.247222479,-1.290938265,-1.412229109
22,-1.036594182,-0.962779818,-0.963748379,-0.89227801,-0.707394621,-0.732089821,-0.770660481,-0.81885704,-0.996593699,-1.144766178,-1.105339073,-1.309832618
23,-1.010436083,-0.84375605,-0.891572534,-0.738144967,-0.875452784,-0.835327488,-0.724172291,-0.824869431,-0.92678356,-1.076029446,-1.279231826,-1.42357656
24,-1.143622734,-1.071365006,-0.962781586,-0.732636192,-0.756101162,-0.868331832,-0.894209852,-0.980045354,-0.984946921,-1.152322381,-1.363003106,-1.356531172
25,-0.911876627,-1.005329262,-0.945951384,-0.744255218,-0.751700577,-0.767702782,-0.776333434,-0.67616693,-0.871009733,-1.160712197,-1.117663485,-1.304786707
26,-0.916027759,-1.019916256,-0.924143529,-0.913326212,-0.641367924,-0.839570938,-0.889132198,-0.864651965,-0.864960161,-1.175457212,-1.40755042,-1.31851366
27,-0.906556945,-0.977009685,-0.971461366,-0.871649146,-0.772590935,-0.652317452,-0.659339182,-0.767453168,-1.022063649,-1.209079855,-1.406863365,-1.350593875
28,-1.02868306,-0.920448267,-1.054092198,-0.957417639,-0.744468502,-0.884176688,-0.88623778,-0.854287508,-0.962236885,-1.070431853,-1.290984741,-1.237895298
29,-1.061005501,-0.98324885,-0.875599795,-0.779656486,-0.726587951,-0.771508388,-0.776884271,-0.793535668,-1.243509715,-1.261473204,-1.079159278,-1.345792038
30,-1.000155511,-0.973275521,-0.934815036,-0.795972189,-0.765944828,-0.817521893,-0.832880006,-0.76571698,-0.916953596,-1.101242322,-1.443480336,-1.264913308
31,-0.898999917,-0.934398855,-0.940106428,-0.968689002,-0.810537031,-0.627452038,-0.803241528,-0.919335089,-0.956907238,-1.235537515,-1.118409583,-1.410075512
32,-0.945597648,-0.925938839,-0.799479284,-0.845712577,-0.94589011,-0.685768924,-0.775213948,-0.982102647,-0.935045399,-1.081713579,-1.23355502,-1.253464952
33,-0.981301776,-1.072147679,-0.798522705,-0.947191565,-0.717277392,-0.738819377,-0.751451832,-0.868016958,-1.04707659,-1.04712535,-1.379720653,-1.40872102
34,-1.027347304,-0.89073077,-1.01501716,-0.947679932,-0.881647033,-0.677254958,-0.869423425,-0.797394043,-0.986720492,-1.030083156,-1.224954197,-1.258128721
35,-0.969418306,-0.92100029,-0.93833706,-0.915391555,-0.713145741,-0.745059744,-0.705771601,-0.724847843,-0.954914376,-1.160097256,-1.171187589,-1.3519741
36,-1.028886866,-0.942302762,-1.02838749,-0.872694717,-0.849419569,-0.847541793,-0.721514486,-1.017554259,-0.949092522,-0.99693179,-1.198232149,-1.400349665
37,-1.091073556,-1.005820611,-0.898027439,-0.797906221,-0.909882052,-0.592002308,-0.731660423,-0.770733676,-0.961762826,-1.167906822,-1.320638485,-1.10756396
38,-1.056854282,-1.102135477,-0.785567369,-0.791865149,-0.872748521,-0.757209271,-0.931810136,-0.896096023,-0.975568978,-1.095900683,-1.269865415,-1.458788535
39,-0.907783316,-1.02079251,-0.662108876,-0.884820863,-0.754853389,-0.840388853,-0.826419088,-0.89269364,-0.844876504,-1.135587726,-1.188529253,-1.226097678
40,-1.09685264,-1.248979181,-1.79863402,-1.424233016,-0.582837799,-0.869796029,-0.690595222,-0.813507161,-0.690957117,-0.494461676,0.54048535,-0.167548183
41,-0.984504134,-1.380014583,-1.506816647,-1.209117073,-1.052878997,-0.652290258,-0.617738499,-0.39140807,-1.000148278,-0.59747941,0.3738718,-0.445267804
42,-0.817467102,-0.836647981,-1.587851403,-1.580538153,-1.17971814,-1.80382567,-1.280658348,-0.637768883,-1.211916489,-0.264424827,-0.398100135,-0.137250629
43,-1.017265112,-1.686886473,-1.116113304,-1.125358572,-0.844895419,-0.780953659,-1.385171569,-1.021300935,-0.578354813,-0.062220404,0.103567437,-0.157458736
44,-1.260114303,-1.243141666,-1.529211373,-1.232883753,-0.865432181,-0.973316882,-1.082536421,-1.368517786,-0.531567263,0.12623313,-0.438994535,-0.57592814
45,-1.371672495,-1.27520163,-1.202452032,-0.78667893,-1.11062505,-0.460085327,-0.918324034,-0.449579089,-0.52123172,-0.243082514,0.659263159,0.436135893
46,-1.058258481,-2.116536082,-0.948632711,-0.870601409,-1.142930297,-1.150745149,-0.59377652,-0.932680484,-0.453696067,-0.575050838,-0.531336862,-0.359463971
47,-0.538047033,-1.672774583,-1.586990467,-1.105417947,-0.406476463,-1.416238639,-0.748213028,-0.710901776,-1.965457445,-0.544597355,-0.481813213,-0.081731858
48,-1.090571346,-0.892222587,-1.23767432,-1.548736223,-0.338163585,-0.984797129,-0.518310921,-1.332219987,-0.262620927,-0.388544558,0.055611969,0.112871767
49,-1.125741216,-1.425553424,-0.807318169,-0.815511555,-1.536955591,-0.945523238,-0.501982995,-0.586329927,-0.036455069,-0.619428442,-0.348430149,1.278096392
50,-1.270671492,-1.148950799,-1.102249166,-1.130565332,-0.880224215,-0.934789856,-1.129544307,-1.025014046,-0.680101415,0.121220469,-0.793983833,-0.392311719
51,-0.757534381,-0.847670547,-1.557911278,-1.828539651,-0.96201022,-0.532884326,-0.205156503,-0.694002181,-0.830492055,-0.685369209,0.026704963,0.627144128
52,-1.532603469,-1.319182106,-1.355573556,-0.838462027,-1.32256918,-1.436745409,-1.157607422,-0.749143827,-0.290147147,-0.641588944,-0.136669308,-0.154549687
53,-1.211783426,-1.254765448,-0.692590192,-1.608279967,-1.293245215,-1.017945883,-0.539163372,-0.570264068,-0.426044482,-0.856557722,0.325561372,-0.681136686
54,-1.675005266,-1.099936429,-1.183589936,-1.122283096,-1.132818087,-1.054036055,-1.135822838,-0.964751781,-0.551572011,0.119169981,-0.489291549,-0.046468803
55,-1.034148479,-1.115753241,-1.494943672,-0.794129248,-1.787848393,-1.188204166,-1.125027231,-0.713182112,-0.213047161,-0.909639624,0.015901162,-0.228944648
56,-0.562150462,-1.725456881,-1.300048625,-1.489386504,-1.403770875,-0.728341981,-1.171423786,-0.764437648,-0.715190534,-0.345844377,-0.497761127,0.860758647
57,-1.242512415,-1.213708273,-1.17469677,-1.276842432,-1.400559327,-0.904559301,-0.540692336,-0.516801519,0.055492418,-0.255503455,-0.654635381,0.035227298
58,-1.703931768,-1.603584942,-0.917670381,-1.481709575,-0.879764631,-1.173051394,-0.489736261,-0.9651324,-0.415885537,-0.461864855,0.681520646,-0.571177244
59,-0.899497218,-1.927566458,-1.726097774,-1.075188132,-1.361833615,-0.904262446,-0.906441198,-0.253989275,-0.32662227,-0.82109314,0.019051714,-0.198130156
60,-1.362852051,-0.940510725,-1.266944346,-1.294582936,-1.180335632,-0.926909366,-0.540019456,-0.914027649,-0.380669515,-0.419679424,-0.397428582,0.569890042
61,-1.367197458,-0.928142757,-1.833155608,-1.260738532,-0.996271191,-0.531044581,-1.118376029,-0.917440636,-0.555626508,-0.480389118,-1.098527647,-0.260548536
62,-1.379744149,-1.019878737,-0.622494594,-1.255272334,-0.95857129,-1.470078609,-0.84761542,-1.010896806,-0.690117396,-0.096145197,-0.584927467,-0.475732651
63,-1.23073173,-1.445284383,-0.894512749,-0.842115974,-1.12347527,-0.64742158,-1.120619698,-0.80283653,-0.122783898,-0.920117813,0.273780523,0.018227817
64,-1.083445084,-1.393152327,-1.563359621,-1.670296141,-0.77180767,-1.191281582,-0.96737724,-0.474259894,-0.936632469,-0.822877483,0.108249971,0.251289846
65,-1.396569339,-1.578322398,-0.876625108,-0.862550342,-0.360381658,-0.460253031,-1.110989464,-0.495169124,-0.614744705,-0.722943909,-0.076419962,-0.246884586
66,-0.824049128,-1.980312132,-1.677177298,-1.229740422,-0.823513634,-0.872221619,-1.461447134,-0.888414014,-0.958809264,0.265245082,-0.578402962,-0.682198508
67,-1.078533897,-1.761188852,-0.918012975,-1.675594382,-1.395498665,-0.697390442,-1.311861031,-0.492648742,0.204166298,-0.240203059,-0.090755163,0.296226667
68,-1.443793136,-0.839182766,-2.16491787,-1.50266992,-0.943168758,-1.450523358,-0.661931111,-1.375357373,-0.856057087,-0.570496755,-0.352133559,-0.360272348
69,-1.728255476,-0.568664029,-1.349794832,-1.306617576,-1.056573466,-0.59395801,-0.711420092,-0.568087825,-0.576356595,-0.815026717,-0.353682661,0.092934734
70,-1.084942979,-1.486602669,-1.294379915,-1.425816714,-1.427211891,-0.975783049,-0.5431486,-1.380011964,-0.911839639,-0.041264763,-0.029492364,-0.349617771
71,-1.321440692,-1.33628596,-1.174470694,-0.832023831,-0.42180789,-0.917996555,-0.618455749,-1.036834142,0.106256033,-0.535337649,-0.240112483,-0.261658729
72,-1.525203731,-1.778434744,-1.835674469,-0.72790833,-1.350452377,-1.438838302,-0.893981184,-0.456817372,-0.313434346,0.238399761,0.119172958,0.358585754
73,-1.151180376,-0.889370436,-1.52736903,-1.545210613,-1.114312221,-1.036590454,-1.076463225,-0.440538016,-0.659268292,-0.184862625,-0.984615277,-0.185613092
74,-1.562062385,-1.512824405,-1.05030796,-1.357421129,-1.448368088,-0.997394392,-0.765230898,-0.651213933,-0.506162928,-0.721512811,-0.059531634,-0.720350138
75,-1.596086562,-1.525167169,-1.652891893,-1.493862639,-1.289303381,0.279802874,-1.954653384,-1.191911852,-0.349030153,0.080709784,-0.481538826,0.289705742
76,-0.709562883,-0.301117465,-1.369192426,-0.760349531,-1.056875805,-0.865251309,-1.045919281,-1.378578523,-0.671160279,-0.076096233,-0.429653709,-0.077726201
77,-0.744884321,-0.636396438,-0.9430667,-1.220399113,-0.509652935,-1.341562587,-0.699047173,-0.75206114,-0.834992818,-0.307502851,0.265848983,0.645378529
78,-1.121976909,-1.337197255,-1.493577241,-1.705661618,-0.666076025,-0.835213216,-0.632470235,-0.245397245,-0.509780491,-0.827003886,-1.101409291,0.179036244
79,-1.124102512,-1.137409116,-1.055817241,-1.522111191,-1.379972191,-0.591150837,-0.458149019,-0.994680289,-0.143903149,0.464366092,-0.073796777,0.10022448
80,-1.187085555,-1.254830815,-1.25488391,-1.509396023,-1.687801649,-1.065333388,-0.604715268,-0.134967998,-1.045059507,0.02158898,0.201131739,0.523085514
81,-1.229633623,-1.316785676,-1.208144028,-1.238243486,-1.241983853,-0.653673782,-1.036686471,-0.47159359,-0.953424884,-0.676912132,-0.597881062,0.578609936
82,-1.322941634,-1.272076788,-1.467537485,-1.39192216,-1.13033592,-1.006405284,-0.832862361,-0.391474676,-1.045523106,-0.259397254,-0.494091189,0.456090249
83,-2.020676649,-1.082623579,-1.191021267,-1.195029939,-0.932044197,-0.841145002,-1.056833186,-0.783450181,-0.271145035,-0.348768637,-0.586240553,-0.371861857
84,-0.600596845,-1.442533957,-1.063698496,-1.404295447,-1.186133902,-0.913911504,-1.124059198,-0.115892153,-1.423386749,0.138084308,-0.013976555,0.041290978
85,-1.426670947,-0.883210855,-1.129752326,-1.138934251,-0.629561596,-0.986403942,-1.197688353,-1.477285732,-0.930129803,-0.734632139,0.144563248,-0.472905671
86,-1.316697452,-1.180789833,-1.871051779,-1.084137482,-1.736043146,-0.753837324,-1.444071345,-0.299586239,-0.406347601,-0.451024692,-0.537463698,0.065372638
87,-1.320909665,-0.857090216,-1.632071686,-1.544726208,-0.533233228,-0.952049287,-0.681230747,-0.585271873,-0.989106827,-0.125491311,-1.149237411,-0.175776437
88,0.396943037,0.301446558,-0.327125846,-0.061172923,-0.63828754,-0.321898299,-0.055064245,-0.600407935,-0.029020266,0.289692265,0.539479938,1.1763197
89,0.370746818,0.367951735,-0.127226248,-0.000485783,-0.140605374,-0.219279943,-0.604551739,-0.58377869,0.554570997,0.431283142,0.91224945,0.688329185
90,0.369045753,0.798389557,0.050856144,-0.159367027,-0.516812631,0.070616361,-0.336577067,-0.339284016,0.433610992,0.816842744,1.112451818,1.121879636
91,0.134435898,0.170580569,0.414330958,-0.305088182,-0.252985014,-0.453018431,-0.614384595,-0.067783673,-0.461601955,0.149749874,1.190817098,1.172727824
92,-0.104732547,0.396895744,-0.113685154,-0.673409458,-0.518077561,-0.687314768,-0.619013435,-0.478878332,0.27568087,0.056517488,1.271533793,0.736217599
93,0.46496663,0.468157307,0.082210749,-0.370350714,0.171795434,-0.669682543,-0.221708353,-0.121260674,-0.576110348,0.227231768,0.122196659,0.556046277
94,0.907205836,0.15771265,0.022980289,-0.230428967,-0.291136256,-0.341520352,0.181721023,-0.514796362,-0.212835204,0.630176895,0.888164658,0.177122039
95,0.194330512,0.693610591,-0.027715029,-0.084747572,-0.467084,-0.787009261,-0.724088729,-0.535150144,-0.066488401,0.14550025,0.554374772,0.540944772
96,-0.173195489,0.31131086,-0.162491914,-0.492992602,0.031482043,-0.963949617,-0.488810376,0.107603322,0.139703774,0.257469841,0.813665381,0.373980309
97,0.630200476,0.218914641,0.525647411,-0.119155425,-0.122225007,-0.383050063,-0.118668175,-0.678242758,-0.277781968,0.274740953,0.025513972,0.789313846
98,0.61436302,0.074798898,-0.184205871,-0.204656816,0.063830071,-0.673141649,-0.00013683,-0.003613877,-0.029641061,0.396356668,0.736049439,1.172986928
99,-0.015648596,0.248453871,-0.160196291,0.209908746,-0.163367013,-0.242817807,-0.5282477,-0.650798102,0.182736778,0.776016697,0.472530975,0.599424615
100,0.218384097,0.030421949,0.063574844,-0.28864063,-0.377323486,-0.5419674,0.114452597,-0.592345917,-0.22529199,0.488560256,0.128478745,0.877983788
101,0.031726733,0.156535909,0.264485628,-0.283018577,-0.567094536,-0.410631953,-0.205354934,0.000234623,-0.325306037,0.191388226,0.871910889,0.37786444
102,0.265836557,0.082376752,0.270840379,-0.094200837,-0.092548036,-0.195194181,-0.341680606,0.188772301,0.335268729,0.842753887,0.71488586,0.76820923
103,-0.332478276,0.24023377,0.023582247,0.040887386,0.14695153,-0.659266661,-0.158881259,-0.764878973,0.154268049,0.881153631,0.496842715,0.964037855
104,0.225923184,0.220101006,0.047375157,0.099080696,-0.645950419,-0.239916068,-0.55568486,-0.048860893,-0.423943168,-0.098694576,0.859768899,0.537196073
105,0.25275195,-0.156890469,0.24686302,-0.086644808,-0.429517156,-0.335200797,-0.084437665,-0.255246933,0.204251964,0.327084458,0.347471738,0.830920224
106,0.336947241,0.137084373,0.294622308,-0.209925217,-0.232088334,-0.372797315,-0.549088362,-0.086498995,0.287781341,-0.268442668,0.932512554,0.508291049
107,0.661428263,-0.405294751,0.449816148,-0.001599746,-0.648042818,-0.160773069,-0.534519584,-0.363659567,-0.015184723,0.062952171,0.385704001,1.017126872
108,0.368734223,0.234786811,0.072355681,-0.056262757,-0.008579788,-0.39109559,-0.333034445,0.829935908,0.184002578,-0.38741757,0.843658803,1.013014868
109,0.170075244,-0.253045645,-0.006197324,-0.567902571,-0.227866689,-0.465062952,-0.049153011,-0.520700255,0.271693546,0.375093887,0.300829799,0.67021349
110,0.269670102,0.246980318,-0.036349925,-0.311311195,0.000345167,-0.550607423,-0.044104766,-0.620613393,0.421445532,-0.544200847,0.232672119,0.523834778
111,1.130763638,0.177011034,-0.080414539,0.259416151,-0.086155156,-0.000750009,-0.408897201,-0.139947717,0.242759322,0.71285645,0.600323691,0.805163483
112,0.976751859,0.988723469,1.15959547,1.080051252,1.091113272,0.964392406,1.139171225,1.131009382,1.367408776,1.227274943,1.510054772,1.159262189
113,0.984251958,1.082955754,0.994344717,1.151253795,1.236513623,1.148120101,1.292597599,1.148266561,1.727697811,1.423395569,1.472310569,1.327496419
114,0.971594289,1.05449475,1.166135448,1.229498293,0.983375643,1.044593517,1.18833209,1.294428391,1.392990842,1.472265118,1.355411059,1.538084523
115,0.859332221,0.921945622,1.306517826,1.036468135,1.266218132,1.074116006,1.151130166,1.501771803,1.399429528,1.620026811,1.437640056,1.453380916
116,1.08270154,1.127686845,0.850114182,0.956201599,1.12441615,1.394797604,1.337473447,1.153143439,1.340993061,1.333599852,1.767904802,1.462121905
117,1.011224859,1.042041205,1.053700065,1.06084736,0.901897683,0.932983162,1.169702196,1.324055834,1.231323836,1.151833538,1.36270718,1.380443808
118,1.103745378,0.95091097,0.983732058,1.075472497,1.02658735,1.060978382,1.187254171,1.124873776,1.0935873,1.224199595,1.565330791,1.375775367
119,1.147329083,1.027981701,1.022412249,0.91189156,1.050834086,1.146536931,1.236974712,1.261385235,1.11071438,1.336311985,1.322358561,1.454730048
120,0.851222795,1.230370784,1.309253023,1.0780584,1.013003003,1.205250836,1.115046424,1.096422454,1.204186596,1.31192055,1.367921311,1.515615414
121,0.741474547,1.154310617,1.300180258,1.071974968,1.145028337,0.906072204,1.217121998,0.96535032,1.06314772,1.359287265,1.364629288,1.190166435
122,0.836945758,1.10625473,1.157652178,1.235550612,1.273693489,1.031952301,1.187547872,1.449095791,1.41945426,1.529335782,1.536490742,1.456986809
123,1.235186787,0.954094884,1.159595631,1.142722297,1.1238253,1.218680838,1.176674468,0.977538974,1.250355089,1.239133953,1.438868008,1.3748011
124,0.960097723,1.072530813,1.226928967,1.021133675,1.140090144,1.110691953,1.158641566,1.261288473,0.979506295,1.258095848,1.540988619,1.304107233
125,1.084764385,0.924726736,1.052431274,1.042293523,1.115742439,1.339624332,1.122341518,1.083950272,1.191622477,1.298128141,1.351043791,1.286852397
126,0.892978816,0.971350719,0.733607354,1.292466599,1.155791478,1.249666778,1.331237753,1.084095943,1.383817973,1.234200057,1.291511857,1.556528828
127,1.417462981,1.239997042,1.109265358,1.029587984,1.035294577,1.082777016,1.073508946,1.401823243,1.526908685,1.413260681,1.43370496,1.474145091
128,0.860668511,1.102292587,1.092294681,1.271944388,0.953207048,1.293134914,1.031491904,1.348564559,1.400421455,1.247342657,1.276089853,1.547668569
129,0.983283993,1.113546317,1.079644486,1.202898074,1.117314297,1.096958344,1.275803341,1.15832574,1.281235831,1.504738119,1.498460735,1.351315249
130,0.815512458,1.155487978,0.948269561,1.183434746,1.174679302,1.192725947,1.309738449,1.526201337,1.274198724,1.025508212,1.36174248,1.549680409
131,1.10853572,1.053160648,1.058192412,0.866921455,1.146283107,1.24592955,1.233806848,1.281022687,1.191986,1.253469915,1.588826548,1.36719091
132,0.935140734,1.200556145,1.021663888,1.088378803,1.262598183,1.094964972,1.067117705,1.455327596,1.405676133,1.384546644,1.458616316,1.250971551
133,1.071029953,1.190251152,1.120485168,1.368863614,1.510342441,1.197340906,1.318596849,1.398797407,1.456115685,1.226015345,1.353025502,1.229008428
134,1.239090198,0.965013159,0.941723029,0.878173712,1.218138738,1.055693668,1.125774758,1.241833924,1.334055436,1.338325138,1.348164177,1.287762523
135,0.986197685,0.981041282,0.880622387,1.224713608,1.247993271,1.222324008,1.275837222,1.304092733,1.311569532,0.910472977,1.438495456,1.324133446
136,1.114762932,0.860960107,0.981781723,1.268057353,1.067965454,1.122889497,1.306259469,1.213279777,1.593204934,1.055159305,1.163070366,1.449801865
137,1.012770489,1.10478072,1.015007643,1.084002301,1.189574904,1.261573956,1.221512779,1.186935877,1.307424235,1.308376704,1.60008671,1.264742445
138,0.834166575,1.09130733,1.25772171,0.922786383,1.184215175,1.044521517,1.439520414,1.242053757,1.236689612,1.272995157,1.300437716,1.426927958
139,0.816543017,1.175111928,0.843752444,1.095749641,0.760343341,1.154244396,1.04844608,1.060174882,1.245630351,1.375979759,1.341179173,1.20863045
140,0.745919867,1.303855948,1.197383589,1.089526343,1.151468389,1.05240799,1.392979205,1.250380296,1.144277453,1.250912796,1.356224268,1.466207148
141,0.804655748,1.147763095,0.915306339,0.937380844,1.185971227,1.11049166,1.199717552,1.172434287,1.398044034,1.249820165,1.46229162,1.53249341
142,1.046440055,1.064021786,1.175858872,1.064903792,1.193734483,1.220481242,1.343262037,1.076705642,1.153834884,1.440835999,1.43658123,1.413921695
143,0.967134334,0.839807479,0.9842897,1.248317075,1.229510377,1.195138134,1.012710598,1.266110819,1.178501041,1.271298013,1.158028069,1.357766736
144,1.074817605,1.088649064,1.097557614,1.111880438,1.061949333,1.195596645,1.00685198,1.290487455,1.075645929,1.498302639,1.61027029,1.396727943
145,1.089598162,1.064201831,0.916096565,1.313553083,1.292385117,1.058232897,1.173712374,1.276104433,1.263683853,1.155895634,1.510492082,1.475024658
146,0.685626184,1.331659334,1.127071262,1.032108931,1.224636426,1.018109291,1.371226493,0.987555416,1.190409694,1.358667811,1.368875567,1.41401597
147,0.990989785,1.007735541,0.965792951,0.99879263,1.157072174,1.176113983,1.202010516,1.014909545,1.137066367,1.392231975,1.400463489,1.314135158
148,1.05768937,1.019544727,1.010139804,1.0117135,1.402896288,1.075845706,1.289921234,1.201832825,1.500253092,1.154746249,1.469564967,1.053124873
149,1.009470158,1.086011911,1.37275544,1.136380757,1.157537342,1.184935194,1.056080263,1.252229768,1.478558992,1.533978417,1.366608643,1.568122822
150,1.040784743,0.875399962,0.989807607,1.320517982,1.066933393,1.087460297,1.139495003,1.0964714,1.204369809,1.194995055,1.452923711,1.425352395
151,1.048182767,0.942603223,0.965452152,1.132302089,1.177191012,1.254612657,1.331709991,1.130236283,1.233136653,1.223676315,1.381127119,1.554613085
152,-1.028041472,-1.02725304,-0.752447509,-0.992927969,-0.55936313,-0.36694186,-0.659210341,-0.532431513,-0.805136948,-0.872859885,-0.831536461,-1.072321599
153,-0.953284648,-0.824483259,-0.877199564,-0.535878826,-0.733277507,-0.462396416,-0.30784868,-0.331560072,-0.791059626,-0.800762957,-1.301970546,-1.264988531
154,-0.865502137,-1.103422293,-0.619068544,-0.727848288,-0.419023489,-0.551916463,-0.697915541,-0.706819669,-0.558002576,-1.072574903,-1.141253578,-1.329494438
155,-1.044203113,-1.216568078,-0.639850394,-0.807327634,-0.759257066,-0.659808168,-0.525707338,-0.475986717,-0.779502678,-0.449186,-0.891918323,-1.270912081
156,-1.016443521,-1.107042238,-0.756269132,-0.856778384,-0.574599723,-0.557268303,-0.451922045,-0.511039352,-0.911390215,-0.991340624,-0.942780872,-1.170627145
157,-0.906565379,-0.850081982,-0.752524015,-0.574453349,-0.36974765,-0.524207476,-0.396306911,-0.61483049,-0.885572916,-1.02254523,-1.079365781,-1.251491533
158,-0.68296517,-0.734627167,-0.880053443,-0.84013835,-0.669558165,-0.363764744,-0.581148037,-0.302065083,-0.796526868,-0.817541676,-1.17384445,-1.09360242
159,-1.087247822,-0.893412162,-0.654696609,-0.645654789,-0.870931013,-0.68997516,-0.685949701,-0.433067645,-0.800134994,-0.801064133,-1.192862695,-1.381904683
160,-0.909749987,-0.654693694,-0.717430289,-0.596593709,-0.571466225,-0.184227253,-0.448527786,-0.372532416,-1.015581255,-0.803568638,-0.950750382,-1.263768751
161,-1.049328661,-1.111752381,-0.724882139,-0.710823759,-0.418495993,-0.584016635,-0.419446077,-0.343136224,-0.913942233,-0.76927154,-1.261399528,-1.163988515
162,-1.098674462,-0.927448234,-0.900161045,-0.506838007,-0.767522644,-0.762561639,-0.450002881,-0.391888519,-0.782830812,-0.694480465,-0.750805923,-0.938676092
163,-1.018784557,-1.040088701,-0.834237535,-0.757176355,-0.564164351,-0.826706016,-0.316856281,-0.338112217,-0.471060943,-1.058596066,-1.033252665,-1.127149114
164,-0.991989076,-0.888449347,-0.904569982,-0.80236664,-0.647361322,-0.526172155,-0.509933713,-0.53518393,-0.679844732,-0.942145813,-0.985571255,-1.069563363
165,-1.125230597,-1.234897272,-0.846297543,-0.837380264,-0.487109439,-0.373877864,-0.484798029,-0.494877395,-0.831593799,-0.965284128,-1.092503518,-1.316171862
166,-0.825996247,-0.933096537,-0.424760304,-0.777647598,-0.559669542,-0.59584857,-0.527600032,-0.600466886,-0.748941116,-0.774970559,-1.067848798,-1.045881649
167,-1.283757045,-1.068160387,-0.827451571,-0.900252737,-0.49995435,-0.483912556,-0.379070853,-0.425225037,-0.886037699,-0.467807735,-0.842947255,-1.236019766
168,-1.085680045,-0.954989417,-0.758544871,-0.452331035,-0.760458266,-0.492775911,-0.747611864,-0.504123945,-0.586877758,-0.997290523,-1.002362749,-0.864502916
169,-0.990734033,-0.689927588,-0.70860798,-0.668506275,-0.595093815,-0.547577075,-0.138340079,-0.668797701,-0.630585781,-1.054919108,-0.986085163,-1.333432987
170,-1.110676107,-1.062603507,-1.02425225,-0.304306165,-0.438445434,-0.234524101,-0.459270177,-0.578849191,-0.631973023,-0.806207044,-0.945212518,-1.450774742
171,-1.05878389,-1.070072423,-0.872824389,-0.669342873,-0.524404198,-0.561168411,-0.262456925,-0.324657313,-0.716228959,-0.940338189,-0.771129735,-0.652965682
172,-0.889251475,-0.800429407,-0.975654277,-0.446372534,-0.670357758,-0.806928147,-0.376189453,-0.573967283,-0.709988589,-0.790907222,-1.07978543,-0.969024715
173,-1.033586616,-0.783203093,-0.578354635,-0.84895281,-0.431347363,-0.218601131,-0.620857211,-0.547928597,-0.47325709,-0.846370037,-0.806704473,-1.022326819
174,-1.098240976,-0.935655369,-0.765546031,-0.57881923,-0.49071086,-0.284111509,-0.279260255,-0.441656418,-0.52728263,-1.075094673,-1.046275755,-1.215535418
175,-1.049382291,-0.832792919,-1.013972778,-0.594123981,-0.6343491,-0.254938725,-0.390937302,-0.554308372,-0.814636449,-0.673968437,-0.849697189,-1.176876513
176,0.400472978,-0.07910006,0.116850567,0.636470976,0.460183512,1.33263514,1.538216497,1.051722808,1.632069078,1.25349763,0.506281802,1.217448809
177,0.16356072,0.583254089,0.446859452,1.137230825,0.879973708,0.762879859,1.46012386,0.559607352,1.83095264,1.155550086,1.068543002,0.469398591
178,0.54931477,-0.046096845,0.213443917,0.693371557,0.655081678,1.024735536,0.924739384,0.795153069,0.811039559,1.356398302,0.975873686,0.73905793
179,0.210293522,0.435883285,-0.053137575,0.522448673,0.864682731,1.11404237,0.781497534,1.641008293,1.004288772,0.95352146,0.911832122,0.970276218
180,0.24435419,0.561763504,0.400556485,0.550077038,0.669469882,1.004941852,1.063241296,0.954961825,1.308850894,0.74849366,1.581537589,1.089836638
181,-0.248782613,0.600262047,0.677838693,0.807132734,0.421583276,0.71249263,1.221399024,1.563106746,0.678067569,1.312580068,1.204588747,1.128962141
182,0.90629087,0.197058756,0.792016045,1.14243809,1.096848142,1.256408638,0.765274984,0.800216934,1.115472737,0.685317551,0.675203697,0.449537731
183,-0.034744353,-0.021813495,1.140643955,0.573167146,1.260480798,1.048295217,1.088912243,1.533634569,1.398543283,1.573422739,1.312157505,1.317900498
184,0.198843593,0.238591964,0.536774653,0.947208121,1.332951056,1.130503015,1.280584287,1.523123359,1.031256783,1.297112781,0.504970779,1.471392044
185,-0.038393783,0.446917414,0.271119665,1.137649174,0.326862462,0.955004129,0.840205944,0.777370615,1.210490274,1.246718918,1.287572868,0.871814536
186,-0.222360966,0.527346465,0.470156192,0.525879281,0.790976796,1.279684354,0.977977239,1.429347295,1.286026967,0.913925097,1.920650884,1.013840367
187,0.600179778,0.508182351,0.858939196,0.409100989,1.67694577,1.461070666,1.222276072,1.509103444,0.983183643,0.796479112,1.23967544,0.963540354
188,-0.110253967,0.348883843,0.091654991,0.430402154,0.971784053,0.871887203,1.327115297,0.924969269,1.073499871,1.517634909,0.788935195,1.133871662
189,0.040476,0.403607354,0.901939561,0.774613347,0.521916176,0.570004783,1.215973365,1.174520286,0.867259744,1.349313384,1.128946018,1.300755761
190,0.495031732,0.707133792,1.221790138,0.80517157,1.10962058,1.606178919,1.34676207,0.946636525,0.966276953,0.98108793,1.175567842,1.647266891
191,0.728429945,-0.0870917,0.558954297,1.19787419,1.112980905,1.041176448,1.040761092,0.602797486,1.155878115,1.649020822,0.609811297,1.117230795
192,0.540959442,0.472168879,1.160573912,0.900320475,1.405083982,1.536625399,1.246451562,1.502097588,1.280640981,1.541954658,0.710760562,1.264911915
193,0.219712089,0.312430234,0.536757329,0.548803022,1.218846888,1.380546435,1.603588662,1.188285391,1.222797592,1.209972308,1.287602782,0.777602228
194,0.683318132,0.258188644,0.228229479,0.635075047,1.222080298,0.696032412,1.258549538,1.465757364,1.082931262,1.618656085,1.334982498,1.501934464
195,0.67697437,0.670667172,0.526462329,0.321309093,0.86562154,0.765495541,1.276203799,1.052145096,0.804763642,0.44811807,0.891714575,1.366179116
196,0.335584058,0.330140738,-0.21376062,1.059730449,0.970165315,0.839506633,0.919167554,1.297520863,1.104844527,1.057961999,0.768781785,1.27111433
197,0.099573545,0.169772473,0.877147658,1.162606555,0.938486295,1.186246346,1.306895598,1.608671573,1.278452921,1.477595601,1.104568195,1.548057527
198,0.179280374,0.498609967,0.853130602,0.939292954,1.124712244,1.29215091,1.536780367,1.199849077,1.317913407,0.669543575,0.997590717,1.366377074
199,0.351717978,1.061719231,0.329670448,0.614230952,0.796789111,0.872952922,0.95948502,1.37935327,1.475312699,1.68814867,1.219113489,1.312293943
200,0.450378742,0.578794213,-0.042031768,0.221007399,1.081861585,0.832250032,0.921217755,1.187093674,1.165364059,0.989037246,1.164186021,1.257819515
201,-0.076621749,0.927546569,0.638292234,0.862316834,1.313167149,1.072485897,0.291478898,1.232149553,1.377142559,1.148011013,1.278360927,0.80889708
202,0.014691474,0.754793008,0.646725869,0.543740905,1.265452072,0.967566313,1.06523354,1.319894598,0.766319211,1.5331677,1.118811495,1.163834737
203,-0.015678985,0.204022123,0.658847282,0.707792534,0.760024324,0.807889623,1.006102131,0.989878224,1.203694427,1.103161778,1.325912283,1.457339092
204,-0.560768323,-0.580153088,-0.619802257,-0.984177608,-1.120806521,-1.26714859,-1.776734557,-0.871889898,-1.451260291,-1.472849071,-1.031982926,-0.635665198
205,-0.524431476,-0.52049139,-0.949647498,-1.395336727,-1.506156159,-1.238085998,-1.041434179,-1.308855332,-1.342015287,-1.183709267,-1.103876231,-0.681506376
206,-0.093605859,-1.006974375,-0.929405393,-0.707669751,-1.1716779,-1.107193286,-1.325649144,-1.451543254,-1.519160258,-1.627862766,-0.407761,-0.90659382
207,-0.282442529,-0.523174062,-0.979674506,-1.244281653,-0.975269195,-0.901917602,-1.344207596,-1.164895297,-0.996050711,-1.138200786,-1.32991757,-0.767179504
208,-0.208809987,-0.220878899,-0.203134286,-1.256587561,-1.177920265,-1.785502466,-1.443955652,-1.539935406,-1.170793722,-1.306399294,-0.660201833,-0.977121208
209,-0.422808361,-0.916860166,-0.910898196,-0.90236806,-1.158573091,-1.144198844,-1.629419677,-1.324276812,-0.878715684,-0.886701801,-1.055749273,-0.968291522
210,-0.224662588,-0.789634305,-1.190048231,-0.8603071,-1.407680633,-1.300686539,-1.306093778,-1.242082847,-1.23745613,-1.224605173,-1.38753839,-0.636249998
211,-0.662612702,-0.552775022,-0.634534378,-1.133765564,-1.067167834,-1.909216394,-1.52332336,-1.476902867,-1.068219887,-1.244456125,-1.144547,-0.49303687
212,-0.391808698,-0.514332802,-0.691107204,-1.186791977,-1.082602849,-0.968499244,-1.567529023,-1.302854648,-1.32328852,-1.261066186,-1.083155126,-0.891125302
213,-0.165917002,-0.762145459,-0.568481891,-1.313625041,-1.281294356,-1.1740548,-1.559040088,-1.928076276,-0.945955211,-1.194563294,-1.287412764,-0.699134759
214,-0.0759929,-0.61794372,-0.813544493,-1.112788302,-1.330775635,-1.500598817,-1.706627668,-1.246606845,-1.415424857,-1.280954225,-0.912093936,-0.563813939
215,-0.482602046,-0.306329223,-0.372862481,-1.37481958,-1.520102565,-1.331738338,-1.309825469,-1.653565309,-1.53128641,-0.956673673,-0.630181849,-1.187978956
216,-0.010400829,-0.971593292,-0.843218946,-1.054974574,-1.227452536,-1.244199196,-1.157743965,-1.612524986,-1.349823943,-0.944830187,-1.046203636,-0.409104205
217,0.107653814,-0.984363016,-0.879554734,-1.154617905,-1.050678953,-1.118610916,-1.331834195,-1.466069285,-1.380689692,-0.922439769,-1.157684186,-0.619844384
218,-0.289883993,-0.536508581,-0.890013787,-1.346446777,-1.465798947,-1.384595943,-1.436080056,-1.558956049,-1.481433064,-1.142597299,-1.322891118,-1.257166049
219,-0.049279345,-0.477547344,-1.001901779,-1.257131666,-1.282767809,-1.209683374,-1.459457438,-1.299261402,-1.312273994,-1.367242258,-0.800248439,-0.508166118
220,-0.303437278,-0.568610075,-0.8314256,-0.969316018,-0.969026271,-1.280910197,-1.206332743,-1.35712965,-1.237306947,-1.409453434,-0.80573122,-1.092471062
221,-0.583930606,-0.625604113,-0.862585152,-1.135856402,-1.494801296,-0.972655663,-1.171028086,-1.484448179,-1.160923465,-0.873576673,-1.035386558,-1.137902879
222,-0.228833775,-0.268818953,-0.350973321,-1.623054097,-1.400013847,-1.512676966,-1.483172854,-1.28126852,-1.463263285,-1.40099313,-0.891148551,-0.509601401
223,-0.139375473,-0.518094453,-0.672219644,-0.988469937,-0.997895305,-1.478886773,-1.45818973,-1.172581843,-1.449438818,-0.880423861,-0.576708637,-0.798514775
224,-0.287094156,-0.978467436,-0.665315627,-0.94001263,-1.072448467,-1.668736658,-1.521533898,-1.42487394,-1.077169984,-0.9685085,-0.746272331,-0.937488546
225,-0.291112111,-0.551721424,-1.203582702,-0.692339842,-1.19389934,-1.498044317,-1.164248652,-1.545587094,-0.876147063,-0.98999805,-1.13155988,-0.676131541
226,-0.424308459,-0.618926155,-0.656657403,-1.293744213,-1.637427174,-1.511324184,-1.129987888,-1.268864819,-1.352558452,-0.992432154,-0.89696955,-0.69410009
227,-0.464879214,-0.403768364,-0.870560746,-0.56898326,-1.105395311,-1.269405543,-1.140775237,-1.168114417,-1.420474283,-1.365655116,-1.206735656,-0.485985481
228,-0.662067015,-0.528249774,-0.701645459,-1.062480362,-1.15688292,-1.337708942,-1.484940589,-1.312361105,-1.252145671,-0.944220866,-0.644169847,-0.557645811
229,-0.450121176,-0.251101225,-0.821088473,-0.88026639,-1.791664275,-1.072616333,-1.032443624,-1.061677731,-1.749664899,-1.629472456,-0.932308911,-1.277766757
230,-0.299241903,-0.789866605,-0.900609944,-1.052842324,-1.559658172,-1.340236173,-1.08687627,-1.377182491,-0.820975273,-1.365841014,-1.152406796,-0.464032794
231,-0.739798857,-0.745187579,-0.521416426,-1.048918052,-1.232670297,-1.248885722,-1.146007606,-1.157346968,-1.249527207,-1.073668273,-0.956335983,-0.801431825
232,-0.4548861,-0.576749252,-0.812689643,-1.250248183,-0.844782785,-1.273155796,-1.625399732,-1.469309898,-1.029476469,-1.345642636,-1.088375609,-0.548126978
233,-0.073651911,-0.722516497,-0.668300656,-0.837312204,-1.42332321,-1.026614225,-1.520343287,-1.048376707,-1.197301548,-1.10025169,-1.080452955,-0.971378215
234,-0.424369704,-0.480273438,-1.170623306,-1.268722422,-1.336191826,-1.715474253,-1.126202815,-1.13208179,-1.716746064,-1.115641442,-0.574497386,-0.495323935
235,-0.442275764,-0.722947507,-0.960568948,-0.933771087,-1.234590576,-1.262429839,-1.824192935,-1.440039119,-1.377621285,-1.261843846,-1.086214484,-0.590489232
236,-0.701118654,-0.591696466,-0.418435878,-0.862448611,-0.948944254,-1.316345546,-0.977253319,-1.636967208,-1.236500711,-1.200258142,-0.912079772,-0.260995592
237,-0.159828701,0.010358515,-0.820767797,-0.658970108,-1.121533682,-1.566150657,-1.311106573,-1.360936694,-1.268381862,-1.152504886,-1.096499363,-0.267539989
238,-0.454439419,-0.305516727,-1.19605117,-1.064171308,-0.97303904,-1.442115964,-1.44301437,-1.576663562,-1.322455134,-0.871034588,-0.930823337,-0.599329786
239,-0.342516993,-0.48971992,-0.860836785,-1.073731685,-0.973642663,-1.362012738,-1.719455534,-1.57776596,-1.519087577,-1.016682175,-1.003459154,-0.688029313
240,-0.112119763,-0.746432935,-0.819606731,-0.928090466,-0.745705566,-1.546438104,-1.367610893,-1.05426834,-1.420478015,-1.34100076,-0.632060454,-0.711805147
241,-0.244962736,-0.530423127,-0.666205812,-1.142028302,-0.841888445,-1.40947313,-1.03730825,-1.18364712,-0.907483814,-0.960014116,-1.125765019,-1.26848831
242,-0.55890125,-0.430844766,-0.958324951,-1.25829196,-1.356515954,-1.015298364,-1.767234614,-1.381718682,-1.245191777,-0.865868285,-1.071849443,-0.816082956
243,-0.414816996,-0.679126315,-0.702796361,-0.642852554,-1.381950989,-1.882182792,-1.200420755,-1.427542517,-1.210159934,-1.672949888,-1.408118238,-1.019468066
244,1.42688267,1.177394449,1.657556135,1.615022896,2.056564467,1.695425297,1.450593026,1.820541285,1.133183756,0.648093928,0.280526472,-0.097969135
245,1.544193435,1.119528698,1.629977799,1.518092889,1.487355948,1.251823453,1.408635831,0.999055428,0.874815464,0.484596967,0.399814316,0.548346278
246,1.347494542,1.111632739,1.250305268,1.650729871,1.956769666,1.574909903,1.275454934,1.365610949,0.942471197,0.787487149,0.846563144,0.974482262
247,1.520653025,1.453554524,1.436019349,1.388725312,0.955505099,1.209218197,1.204593835,1.161301194,0.942349888,0.61744705,0.260226715,0.201743658
248,0.862583713,1.822851898,1.347398114,1.70262357,1.833541621,1.181115397,1.242957446,1.214698379,1.057593789,0.815426271,0.981772163,0.611932494
249,1.099628585,1.1460768,1.528243283,1.539107182,1.694387691,1.339453208,1.139670824,1.196958649,0.994301041,0.923104106,0.629438628,0.633195507
250,1.490760102,1.22271567,1.786581252,1.372179397,1.287841748,1.835861341,1.170609684,1.172326642,1.162378793,0.929045914,0.572377298,0.217641735
251,1.140454263,1.789799357,1.556482722,1.393463293,1.152152511,1.573467574,1.322707732,0.791413971,0.956295852,0.457950647,0.411724687,0.610692593
252,1.167138889,1.42413868,1.647482578,1.664230104,1.596072091,1.485615418,1.65460675,1.336955583,0.990289244,0.678300898,0.623314575,0.429292323
253,1.686872639,1.279558546,1.425017356,1.667660623,1.547912652,1.517568663,1.334152681,1.360204587,0.847580394,0.599991879,0.402601143,0.138935396
254,0.95297577,1.168676322,1.579491239,1.725758451,1.41194476,1.536225838,1.370407983,1.022714496,0.725906404,1.071299959,0.155514633,0.597205551
255,1.419047294,1.318177365,1.265935313,1.833403501,1.471173599,1.507007376,1.525647733,1.046974962,1.234612909,0.739642601,0.294286445,0.517173373
256,1.491074249,1.271981153,1.344954114,1.605771432,1.190337923,1.172642615,1.60213619,1.367150608,0.941787449,0.893679466,0.8914909,0.592116739
257,1.200700093,1.156096023,1.792299447,1.107624834,1.600227298,1.79091685,1.452672004,0.947335586,0.867468119,1.164318261,0.818270171,0.073387527
258,1.189195532,1.304213005,1.453926775,1.456487196,1.431736014,1.297499626,1.38280124,1.002705889,0.806005032,1.156688693,0.796968697,0.423837137
259,1.238946001,1.565963994,1.04238151,1.496160951,1.350242319,1.297790716,1.678676756,1.279780119,0.587649561,1.216088968,0.762362059,0.516974269
260,0.840264895,1.232180924,1.565623215,1.646782846,1.793484278,1.466926595,1.018536294,1.510075711,1.078467904,0.626778304,0.50125748,0.702986655
261,1.305508849,1.669222561,1.501246657,1.447587256,1.408384855,1.494197513,1.275137805,1.194464025,0.670824625,1.189259143,0.527308272,0.182024322
262,1.442046324,1.778972227,1.475093235,1.669050862,1.476949881,1.491979586,1.284306371,1.246615251,1.169768735,0.885537785,0.958714251,0.428317436
263,1.490233912,1.272449004,1.180718893,1.440884273,1.177937496,1.574391545,1.413563707,0.874118802,0.735132811,0.809249489,0.824726957,0.570537821
264,1.327194153,1.455571535,1.401855789,1.059186295,1.670204449,1.402722989,1.520941211,1.351545396,1.148770758,0.778410954,0.626586429,0.470347366
265,1.373120008,1.243779219,1.302047567,1.316343926,1.627159765,1.483414544,1.138012999,1.3182207,1.46321154,0.766881605,0.369819659,0.544364115
266,1.24603652,1.550442065,1.392481058,1.529372369,1.62068252,1.556066509,1.758959421,1.263465065,1.209043866,0.895355366,0.709527767,0.771711714
267,1.280749949,1.136062449,1.486044454,1.54484293,1.24402619,1.510114035,1.491125269,1.295913959,0.680197747,0.977226357,0.411016974,0.24561302
268,1.057931228,1.350343138,1.07173421,1.529403356,1.449747818,1.173760199,1.163298882,1.258445764,1.025808652,0.840356778,0.962821525,0.572850559
269,0.962645348,1.263216302,1.552337165,1.790568769,1.20765275,1.451522359,1.499530145,0.952703644,1.178861466,1.230795793,0.169448559,0.644147118
270,1.282671846,1.355539992,1.462367075,1.677066644,1.630364183,1.699565562,0.949988036,1.069570305,1.160969946,0.389990691,0.56743967,0.439415102
271,1.475071487,1.730058419,1.742919762,1.703650275,1.533932364,1.412279241,1.419349361,1.261636974,1.39876757,1.092877435,0.687924183,0.286360355
272,1.385708912,1.568393184,1.713951089,1.5733312,1.377228933,1.568583984,1.220520413,1.414746226,0.950167988,0.704395,0.059041961,0.336415134
273,1.370649276,1.423258513,1.369747106,1.246974811,1.412331597,1.120340363,1.460606573,1.226074775,1.080122366,0.407798187,0.930963539,0.055403168
274,1.481382585,1.360950621,1.060191427,1.221069582,1.690295117,1.47461053,1.327972492,1.335165449,0.961023479,1.122883217,0.829907911,0.303204982
275,1.170981675,1.377910786,1.729901635,1.406080619,1.515186506,1.098531905,1.239973614,0.74297113,0.792770753,0.848840313,0.360532587,1.046419901
276,1.512470862,1.355286799,1.508121661,1.331871877,1.428159827,1.771553494,1.476711793,1.344679444,1.208642476,0.93377684,0.351548731,0.61675941
277,1.408853178,1.380439668,1.062652585,1.33425652,1.604475761,1.497402155,1.737686017,1.849771366,1.059068408,0.898972445,0.652309033,0.275536345
278,1.064727418,1.135213217,1.357975667,1.787164783,1.346704678,1.232241262,1.359129346,1.459818825,1.091047035,0.976926016,0.977386026,0.538010828
279,0.850996142,1.692928385,1.483170248,1.45672792,1.171030193,1.716517072,1.583006439,1.127357157,0.980820954,0.88576703,0.586557772,-0.291122669
280,-1.380314738,-1.009364345,-0.545114001,-0.643222718,-0.723468377,-0.41978909,-0.718518056,-1.035996659,-0.822619833,-0.264119341,-0.209517765,-0.297666352
281,0.460945121,0.291717678,0.281969435,0.036162555,0.732230286,-0.282195589,-0.722565756,-1.32886584,-1.414017786,-1.406213526,-0.998266332,-1.312163502
282,0.594110243,-0.03769497,-0.497318896,-1.281955983,-0.893609471,-0.363687998,-0.561860837,-0.837522512,-0.714187709,-1.741268322,-2.59045665,-1.241610251
283,-0.123866984,-0.204091208,-0.431579348,-0.312585624,0.196643173,0.562818831,0.241438601,0.059293967,-1.076706158,-0.672762051,-0.123265816,-0.608794848
284,0.939067372,0.358017116,-0.477549412,-0.317143407,-0.218747552,-0.009927641,0.184101776,0.433739755,1.075229933,0.61741568,0.166823368,0.84149482
285,-1.101773508,-0.698772891,-0.878036157,-0.435957601,-0.561569322,-0.300539137,-0.253269083,0.109177272,-0.661062104,-1.590921099,-1.06617173,-1.533468146
286,2.103024318,2.053172703,1.800556581,0.76539236,0.710094013,0.778633454,1.058094821,0.328868903,0.547366013,0.234879294,-0.031171862,0.647349518
287,0.957494308,0.218497699,0.301961869,0.952804094,0.446682022,0.702862958,1.690884712,1.781365611,1.578701929,1.600378279,1.16369628,2.283389025
288,-0.19085129,-0.414825135,0.219531599,-0.30453534,-0.3204783,-0.600252372,-0.825353558,-1.08206573,-1.615800144,-1.228720251,-1.355126354,-0.69516149
289,-0.49734698,-0.276622331,0.415005276,-0.204259822,-0.349154258,-0.678639199,-0.582045629,-0.29246755,-0.321653298,-1.104187489,-0.336619762,-1.077662482
290,1.901732428,2.750953743,2.141256403,1.784153094,2.171930375,1.719036313,1.736718507,1.342878575,0.78652013,0.628354233,0.483116998,0.896140348
291,0.820580717,1.023543088,0.656446958,0.040252701,0.07565103,-0.780287812,-0.010629137,-0.046931239,-0.502838846,-1.054908004,-1.155758446,-0.646815365
292,0.521080548,0.451836343,0.096671163,0.755960203,0.966372327,-0.403103418,-1.035720519,-0.809698406,-1.337932998,-0.843878043,-1.567700122,-1.377990568
293,1.490605212,1.018004788,0.543619635,0.765098129,1.074999278,0.544628974,-0.142963377,0.390803187,0.480457388,0.011089061,0.379518473,-0.933778512
294,0.739574597,0.089848643,0.036496958,-0.581773767,-1.17773598,-0.767480832,-0.302365513,-1.224235248,-1.503457282,-1.062667586,-1.013529076,-1.409717116
295,2.185940507,1.185447977,0.626595963,1.147416951,0.704185087,0.189018044,0.593535039,1.025098677,0.83209125,1.500196924,1.144264577,0.563392006
296,1.433153456,1.359725472,0.475981168,-0.057799203,0.622287195,1.235071974,0.945563661,0.091667664,1.090800544,0.658467955,0.022342201,-0.020928268
297,-0.231469646,-0.276968772,-0.275918226,-0.646914756,-0.538802019,-0.184666017,0.326033145,0.323146668,-0.328950723,0.741086997,-0.241851976,-0.540465417
298,1.770063294,2.135917203,2.163153801,1.696105836,2.228993029,1.504859686,1.537273596,0.322833721,0.373813648,0.470517638,-0.163409459,0.109056221
299,-0.183115576,-0.159205398,-0.655913078,-0.191597454,-0.130371949,0.273116941,0.310296943,0.79827297,0.664614441,-0.219420093,-0.763004072,-0.572906722
300,1.895555509,1.327317662,0.730368275,0.56761423,0.742805773,0.695847717,0.444229319,0.054920063,-0.712865708,-0.237603979,0.426079571,0.873716367
301,-0.271605648,-0.020530161,0.3732026,0.622740513,1.220385631,0.976834286,0.292686355,0.009591926,0.875165531,1.410569083,1.500231649,0.863785506
302,2.174987623,1.855800177,1.669728715,1.873880391,1.725021862,2.114932545,1.015544273,0.664256044,1.29327811,0.41207777,0.193365716,0.648655714
303,1.42649671,1.333959645,0.719637704,0.330679065,0.671938159,1.392582631,1.526637837,1.14609719,2.030176379,2.420377294,2.157132433,2.279677372
304,0.128651938,0.308647387,0.26190515,0.442271594,0.560837467,0.39414061,0.271911709,0.991895332,1.401503245,0.839276834,0.713028001,0.633801957
305,0.352688633,0.006772619,0.198663282,0.29752356,0.457259164,-0.420814271,-0.380183369,0.599333529,0.273746445,-0.34784353,-0.913541548,-1.058918871
306,0.322698464,1.257951222,0.699277695,0.229581894,0.350090346,0.142941973,0.114319785,-0.328395008,-0.771565028,0.394004517,0.1963662,-0.299960247
307,1.845468048,1.105715003,-0.075964103,0.548720329,1.017982801,0.91260901,0.955223187,1.076056834,1.339686864,1.655895317,1.902929196,1.840083195
308,2.303152084,2.021423676,0.878674715,0.681640035,0.778349632,0.560953522,-0.060038033,-0.1045288,-0.117889302,0.205565101,0.163620743,0.219577692
309,0.716063778,0.221605727,0.062536822,-0.064541001,-0.31438292,-0.959236094,-1.071222057,-1.119769351,-0.669794477,-1.395235132,-1.076305295,-1.487786269
310,-0.461558266,0.07774854,0.576143866,0.294960439,-0.409938662,0.263965369,0.136489122,0.964272236,0.063297381,-0.690852907,-0.914907414,-1.706958338
311,-0.8694563,-0.386805174,-0.21736126,0.373625843,-0.775934852,-1.045855823,-0.806480125,-0.441247164,-0.815778131,-1.138981294,-1.728617915,-0.765762585
312,-0.054845315,-0.000472586,-0.386613684,-1.429724428,-1.12406198,-1.363365488,-1.445031259,-0.972742804,-1.182815938,-0.694686896,-0.997341878,-0.681296527
313,0.312970944,0.331963215,0.172566802,0.790204614,0.489253372,0.359242866,0.271544152,0.777612497,1.003312103,0.605504229,1.838220317,2.037568585
314,-0.079075936,0.445719877,0.205467014,0.400572528,0.058709498,0.4897118,-0.412932831,0.125031973,0.722767044,0.395434668,-0.365582604,-0.254100677
315,0.34627883,0.8728875,-0.19141976,-0.366596036,-0.715789353,-0.448887753,-1.582365428,-1.370874374,-0.902152009,-1.780379357,-1.637228912,-1.177344537
316,0.505528137,0.869338379,1.078663475,1.71849851,0.813564606,0.978190454,1.43125339,2.223611565,2.184510536,2.192555478,1.132170118,0.722272658
317,-0.597264127,-0.792506596,-0.996758945,-0.307389038,-0.093484448,0.419669978,0.400876473,0.619755878,0.204254899,-0.395517203,0.256512939,-0.230355147
318,-0.764974351,-0.253603836,0.471100045,0.497588994,0.163444527,-0.088879245,0.105247501,0.587263785,0.10722759,-0.338007891,-1.050883009,-0.545792045
319,-0.5039927,-0.893712526,-0.458184272,-0.159919447,-0.441457393,-1.238545322,-2.017372252,-1.059587457,-0.907512355,-0.817342641,-1.005628499,-0.508532576
320,0.730608638,0.235849573,0.161483067,0.810007229,0.259730374,0.566494751,0.128145658,0.953288368,1.262526874,0.129351537,0.513309873,0.161998672
321,-1.954671636,-1.007480654,-1.473856749,-1.079191813,-0.603990417,-0.628927602,-1.216144131,-0.809585911,-0.214311723,-0.810124348,-0.986432723,-1.593483949
322,0.963881619,1.361733864,1.742467074,1.866382036,1.666599027,1.865892397,1.205046153,0.826670339,1.051391924,1.149731953,2.336257917,1.810014156
323,0.595547277,0.367764138,0.386431341,0.485056806,0.257100065,0.819319364,0.406688624,0.801627604,1.423434422,1.155428911,0.886576147,1.433317558
324,-0.269088757,1.048398728,-0.315964726,-0.912589648,-0.993209846,-1.280093777,-1.003246343,-1.721301615,-2.071883,-1.723000353,-1.484614811,-1.234718429
325,0.711441043,0.472497328,1.153884746,1.035865413,0.999979495,2.114909575,1.72351973,1.553577588,1.130588811,1.027616902,0.380984299,0.917591146
326,1.555860631,1.70898915,1.77114462,0.952057677,1.125318397,1.797486007,1.860326626,2.287794729,1.247197442,1.344792872,1.134883596,0.489034904
327,0.272326105,-0.228442762,-0.158816754,-0.175030115,0.866970574,0.937123973,1.51794156,1.350806115,1.010939631,0.818251749,1.22802846,1.345470458
328,0.021019377,1.025419652,-0.242637922,-0.261332112,0.047830022,0.449880827,0.700880945,0.023616283,0.388294236,0.845107688,0.937976341,1.259400087
329,1.26473395,0.886759728,0.027379147,-0.373545508,0.02406543,0.864464342,1.052179543,0.720373326,1.274897646,0.135703135,0.332144726,0.731357076
330,-0.1290677,-0.514739544,-0.079909155,0.330927337,0.282082559,-0.207219558,0.593455191,0.243883662,0.018307742,-0.217765883,0.518832693,1.050048747
331,1.439214755,0.699508272,0.950716915,0.534021928,0.435808852,0.002469096,0.482345209,0.05398866,0.276996622,0.663436253,1.753509997,1.432506739
332,-0.939617142,-0.599525061,-0.602763108,-0.672707953,-1.126737762,-0.422825937,-0.303655872,-0.031329213,0.05710572,0.018774467,0.020035688,-0.680186821
333,1.320486496,2.1449462,1.234944096,0.7110884,0.588926313,0.880061166,0.277710825,-0.318265701,-0.676055685,-0.241425599,-0.822940591,0.396777543
334,-0.96072565,-0.56244621,-0.579764345,-0.584110439,0.53558189,0.885530301,0.978508883,0.965155449,0.722144734,0.370479412,0.065447085,0.426826479
335,-0.678359596,-1.231907384,0.114052731,0.571721363,0.233942439,0.951406835,0.45796925,0.401241875,0.074621579,0.341240319,0.321961341,0.863072654
336,1.157117828,1.13134043,0.499627471,0.558005512,0.603824925,0.649388814,-0.1862753,0.04435854,0.022180775,0.003577992,-0.07772162,-1.092918991
337,2.091740984,1.550081255,1.110765496,1.622221937,1.677220741,0.642003216,0.583195107,0.435358893,0.463472249,0.406022707,0.63456188,0.228695705
338,0.481302955,0.11187388,0.738722461,0.968938247,0.591427392,0.966707009,0.67037104,0.159926566,-0.623689427,0.544449856,0.778810625,0.272545052
339,-1.309284897,-1.332516376,-1.026604541,-0.252249484,-0.289289453,-0.111129352,-0.24572854,-0.743501954,-0.800669813,-0.312537943,-1.203668576,-0.704985721
340,0.192771211,0.132450995,-0.258009732,0.143247477,-0.351747463,-0.702386812,-0.240609785,0.115359328,0.319202363,1.063104791,0.984828181,-0.681729745
341,-0.798227948,-1.101162458,-0.86637388,-0.685835544,-0.324200211,0.07897401,-0.022573585,-0.041028919,-0.375566159,-0.657704637,-1.102838368,-0.199272032
342,0.791147873,0.25901677,0.042366885,-0.269202369,0.102302156,-0.614792273,0.325750503,0.193349804,0.757169211,1.708161635,0.922216062,0.412395125
343,-0.135317817,0.709535304,0.281931809,0.374998027,-0.191498934,-0.185624266,-0.757495193,-0.88631502,-0.791314194,-0.625479511,-0.111674049,-0.178159533
344,1.337446706,1.425609555,0.543569208,0.406620755,-0.272345972,-0.569100709,0.243076523,-0.071352006,0.025848397,0.183074089,0.338406402,-0.893623888
345,1.195831219,0.835765857,1.084655057,1.359583328,1.710841553,1.359421873,0.62674961,0.761828302,0.155771705,-0.200163147,0.352945322,0.433320981
346,0.751555197,1.085955496,1.465027639,0.8848939,0.532581418,0.089018027,0.430647444,-0.516739412,-0.266178728,-0.098569541,-0.046280092,-0.438265746
347,1.024721742,1.51593548,1.576325817,0.608062139,0.605476483,0.924885111,0.110933862,0.925994304,0.581187434,0.120817111,0.35941389,0.559474186
348,-0.427645572,-0.983020484,-0.529886765,0.785596488,0.878734832,0.209123688,0.06740437,-0.207438569,-0.404588144,-0.250808232,0.45597397,0.500942111
349,-0.322758741,-0.154512156,-0.135946201,-0.961700405,-0.037373264,-0.479716259,-1.119318742,-1.174465109,-0.25581027,-0.482521987,-0.179377623,0.00033629
350,-1.264705038,-1.460666646,-1.095766008,-0.738310909,-1.202096082,-1.184490903,-0.712668265,-0.051730267,-0.389676338,-0.947462456,-0.326829321,0.006994872
351,1.393615114,1.217850987,1.624137323,0.828991276,0.915139376,1.821962506,1.313649743,1.987246429,2.003558895,1.753174882,0.833012867,0.419792147
352,-1.613194774,-0.682676872,-0.6525449,-0.35608569,-0.433540814,-0.252728665,-0.08772967,-0.40646064,-0.453229539,-0.293690863,0.119644209,0.238841322
353,-1.614803088,-2.132616142,-1.756289806,-0.869734118,-0.949444397,-0.407172444,0.187064106,0.151068443,-0.122323321,0.067131803,-0.982833067,-1.299121187
354,-1.37777598,-0.745539583,-1.311178875,-0.789738592,-0.361104045,-0.576098794,-0.931668307,-0.607644777,-1.574674921,-1.236959834,-1.543638011,-1.333773584
355,-0.843276728,-0.448151929,0.227586465,0.089320511,-0.616531049,-0.125363142,0.512132425,0.097510785,0.282458119,-0.507200422,0.006557089,-1.27169768
356,2.547734772,1.937743768,1.206541814,1.89184949,0.805133731,1.376155648,1.380773192,0.9836924,0.870907442,0.512652087,0.656410001,0.237567187
357,0.160617723,0.074188707,0.606233989,-0.238071713,-1.170194205,-1.310552487,-1.885649676,-2.076542664,-0.896372384,-1.530139997,-1.858490707,-1.675394662
358,-1.512176218,-1.580409082,-1.176695878,-1.338115321,-0.793203718,-1.375177853,-1.032059796,-1.859075284,-0.813999782,-0.689553684,-0.462972629,0.169355029
359,0.324282807,-0.064071496,-0.156111473,-0.21382331,0.240387783,0.064838638,-0.719012753,-0.002460559,-0.659103724,-1.487492891,-2.28209829,-1.927191385
360,1.379819124,1.423455892,2.031098739,1.648823982,1.502351515,0.574241862,-0.026794908,0.377181645,-0.044432234,-0.547875523,-0.505781208,-0.648255079
361,-0.781413856,-0.658320916,-0.311435218,0.14988673,-0.092760375,-0.268151726,-0.653647334,-1.366239031,-1.856874904,-1.743145105,-1.95336783,-2.451906656
362,1.336536064,0.832437202,0.169967607,0.520609452,0.26392345,0.413427268,0.541156273,0.838696836,1.012240509,2.375821686,2.506835696,2.466937569
363,1.275752094,0.249558475,0.477017774,0.217280696,-0.072380886,-0.345575151,-0.167935497,-0.54976532,-0.558499495,-1.21973898,-1.030475598,-1.027043341
364,-0.59241177,-0.81430387,-0.402351803,-0.065470156,0.108943937,0.664290986,0.378321967,0.368381458,0.005446492,-0.716283727,-0.328222743,-0.262406387
365,-0.445525016,-0.008169008,-0.137194547,0.086930832,0.067768104,0.245827254,0.189422578,0.606169302,0.592351428,0.631489668,0.118535412,0.233054344
366,1.199327065,1.24111921,1.661561035,1.484131278,1.080801398,1.976133767,2.032629722,1.790842033,1.831581813,0.473904948,0.361043495,1.249154119
367,0.673529621,0.728415008,1.344476698,0.59016082,0.595043671,0.807533769,1.06907495,1.286570425,1.887252023,1.258982787,0.919160578,-0.201553269
368,-1.220643013,-0.892700257,-1.028031563,-1.002263566,-1.010698156,-1.263351656,-1.60499129,-1.155036727,-1.213923737,0.153240299,-0.140722869,0.251123992
369,1.28663363,1.431585468,1.924736879,0.435100352,0.113433398,0.085689955,-0.529918696,-0.515595093,-0.414161528,-1.360794304,-0.12215885,-0.231011786
370,-0.279997969,1.02955968,1.40333937,1.440307758,0.454836062,0.658729247,1.361619498,0.593722012,0.535143553,0.452209947,-0.052231315,-0.023823719
371,-0.180565557,0.647643948,1.168428745,0.272619603,0.254887022,0.314719792,-0.224000198,-0.819672162,-0.329765777,-0.023913978,0.125420053,-0.329850781
372,-0.110750244,-0.386274551,0.320613211,0.449603736,0.26158509,0.787493774,0.646635018,0.807412329,1.298333694,0.486415675,-0.405297811,0.188460711
373,0.16169817,0.429671695,0.616827408,0.872504608,0.926068103,-0.170413737,-0.485255435,-0.284566105,-0.095835216,-0.322333535,-0.5867899,-1.273638488
374,0.374768428,0.109029191,-0.006612789,0.07089087,-0.058514836,0.329637332,0.043622299,-0.814872878,-0.648449331,-1.366349014,-1.174328533,-1.4082448
375,-1.08115943,-0.145454302,-0.642763551,-0.411503115,-0.551357886,-0.086448524,-0.336538696,-0.966950363,-0.735889151,-1.516966665,-1.44635305,-0.542956099
376,0.744586223,0.590741316,0.461240395,0.009712763,-0.800605617,-0.441548285,-0.109797974,0.112867957,0.392826803,0.505016094,-0.008872815,0.376149378
377,0.463338278,0.018611851,0.034290841,0.356691387,-1.093010503,-0.273193648,0.414824905,0.825983967,1.146742987,1.128356746,1.586092022,1.17020674
378,1.164714803,0.74311368,1.401857091,1.752632869,1.738722285,1.171406782,1.125894291,0.911659873,-0.03297623,-0.051773545,0.577371802,-0.35021856
379,0.183204962,-0.312332545,-0.317714822,-0.366423689,-0.510537566,0.097444998,0.103164675,0.298954739,0.06704276,0.020094251,-0.055625815,-0.730065353
380,-0.409067706,-0.305327473,-0.337745504,-1.054534676,-1.767000597,-1.445446561,-0.277977446,-0.781436228,-0.323609689,-0.446057219,-0.405924769,-1.32653653
381,0.190317105,-0.181596051,-0.744956768,-0.398279644,-1.030993516,-0.83965873,-1.174269837,-0.929756042,-0.829518336,-0.175864625,0.608420922,0.123997484
382,-0.952523952,-0.581158477,-0.297526854,0.176410682,-0.16873007,0.478075659,-0.162735656,-1.155597209,-0.127326857,0.253192404,0.079578257,-0.555594224
383,-0.768317591,-1.309886181,-0.373091321,-0.990073008,-1.082534005,-0.091417011,-0.404426342,-1.072219403,-0.798499369,0.150370618,-0.44386273,-0.72891277
384,1.696755114,0.799403147,0.304299573,0.632158162,1.15435403,1.138366435,0.408107152,0.644634241,1.007547156,1.670273687,2.092969938,1.748719465
385,1.683586206,1.950714536,2.117772557,1.614091702,1.750233499,1.616126536,1.077838378,0.990636867,0.531681703,1.174804284,1.108734223,0.131728804
386,0.740389695,0.413367305,0.307971116,0.53622198,0.123554409,-0.584774289,-1.085777507,-0.873167933,-0.419027264,-1.187603148,-0.38003205,0.508399052
387,0.990884634,1.078381149,2.088842298,1.458620899,0.762350387,0.526465118,0.810114154,1.136463543,1.307164522,0.281936055,0.595512713,0.415015706
388,0.579278447,0.135399721,0.364391419,-0.606711425,-0.279849161,-0.261477753,0.054590721,0.590730371,0.50027148,1.210953303,1.029921867,1.141029852
389,-1.024888416,-0.750824551,-0.580609619,-0.357804381,-0.338362643,-0.196884601,-1.0681247,-1.464600635,-1.586892543,-0.320907694,-0.183710011,-0.443227171
390,-0.689391146,-0.623135892,-0.047358934,0.170621631,-0.000817506,0.231423099,0.617969811,1.188414338,1.475685627,1.399209399,0.217506485,-0.256305654
391,-0.769522647,-0.633341692,-0.397620686,-0.527291181,0.119073121,0.386496355,0.397742933,0.595553979,0.486632151,-0.187251002,0.202325593,-0.150186136
392,-1.053549987,-0.158440902,-0.015620494,-0.327863554,-0.169048737,-0.298417899,0.80193866,0.459953465,0.97119522,0.946867977,-0.040770994,-1.227069843
393,1.079469404,1.027620434,0.957001034,0.846681983,0.505284896,0.79876534,1.288490171,1.447899858,1.733872298,1.786515247,1.566284607,2.426254495
394,0.221889512,0.138007032,-0.177771276,0.014126563,-0.399294644,-0.739541131,-1.189771953,-0.492447518,-2.03021652,-2.709082959,-1.705510869,-1.80329584
395,-1.515772144,-0.334330527,-0.029407741,-0.542954743,-0.339233041,0.060427275,0.499922874,-0.504948254,-0.660950768,-0.257703883,-0.434767598,0.557569975
396,1.115236476,2.008860454,1.861978189,1.646280762,1.350945183,0.504354961,-0.021897126,-0.005187793,0.416785592,-0.314659895,-0.344862435,-0.070219943
397,0.267074169,0.50613692,0.803038313,0.973420912,1.889073362,1.173123754,0.913606893,1.676423856,1.941684397,2.002145034,1.140500399,0.908256693
398,-0.293224559,0.507556693,0.748402631,1.080253488,1.153009256,0.404376225,0.024318367,-0.083965682,0.267730087,0.9730848,-0.145593774,0.188208726
399,1.086881667,-0.03671282,0.057598339,1.016235772,0.983649397,0.714047712,0.639987006,0.79943385,-0.207628693,-0.368642585,0.142250333,0.157274661
400,-0.339927761,0.130700206,0.56203416,0.622603747,-0.194243494,0.489245671,0.276560994,-0.059242725,-0.288383861,-0.700340222,0.426902447,0.1338274
401,-1.655712396,-1.492409118,-0.859148717,0.157189279,-0.406080667,-0.605516337,-0.342192481,-0.478668502,-0.857475023,0.146463792,-0.507895738,-0.94143282
402,2.006710051,2.076995877,2.711816334,2.119743703,0.765246054,0.435823288,0.497993265,0.409612962,0.101455632,0.492189847,0.239303842,0.473158274
403,0.877049938,0.685066578,2.029834509,1.297597827,1.415645231,1.204954186,1.581826444,1.789889581,1.540706486,1.459703,1.448601593,1.034494141
404,-0.0239154,-0.796640906,-0.821396914,-0.731726714,-0.465656812,-1.020153992,-0.430045158,-0.550295349,-0.506662014,-0.673743852,0.933868017,-0.083538834
405,-1.899535265,-1.161446818,-0.972514845,-1.225489322,-1.093935374,-0.968948302,-0.813178046,0.005448649,-0.590766042,-0.189195716,-0.746694638,-1.037789543
406,0.236891614,0.382523158,1.01119092,1.465234173,0.356618618,0.333688656,0.842037658,0.950982978,0.022418572,-0.420393935,-0.716646738,-0.954521604
407,-0.011192815,-0.322354491,0.00070356,-0.48055309,-0.198592595,-0.177624461,0.11025429,0.313344557,1.00961331,0.967793056,0.267309806,0.197637665
408,-1.732153071,-1.445868154,-0.810375629,-0.682116309,-1.274377669,-0.953150409,0.109142761,-0.160950926,0.43336141,0.071855783,-0.770199343,-0.995106966
409,-0.047982802,0.997391993,0.536236164,1.058753453,1.188603926,0.475101402,0.407121091,0.64681629,1.882255408,2.085711398,1.763347017,1.002777867
410,2.08864596,1.531551366,1.239892023,1.064483954,1.395336678,1.526752508,0.781706852,1.425630616,1.900975373,1.189859464,0.954341783,0.832797064
411,2.879292113,1.535492098,1.202959266,1.570308107,1.544761957,1.112880085,0.753416543,0.524617453,0.53368809,0.427340169,0.464120802,0.421019544
412,-1.231913387,-0.344247015,0.222930171,-0.171214922,0.062546428,-0.206445288,-0.072055003,-0.07934265,-0.418358802,-0.211145114,0.258886272,0.677688453
413,-0.602032146,-0.431011633,-0.302480662,-0.134232897,0.033897832,-0.268521871,0.57593292,0.577986463,0.161766552,0.096836989,1.035533689,0.362770168
414,0.008907152,-0.311109238,-0.347755538,-0.28724293,-0.021829635,0.492761076,0.585456307,0.160799407,0.745694954,0.539154041,0.641118112,-0.000943312
415,-1.07022039,0.151709364,-0.178948445,-0.145502335,-0.60330138,-1.044068726,-0.076891181,-0.205213496,-1.150479934,-0.604118763,-0.723667863,-1.562099176
416,-0.127663294,0.092671807,0.301431647,0.098660813,-1.007207091,-1.584902767,-1.523688986,-1.745100894,-1.329564215,-1.440818641,-1.44126246,-1.661444907
417,0.31641168,0.044641834,-0.585797235,-0.768310791,-0.409562304,-0.455348007,0.021362966,0.870722287,0.57128986,0.561616633,0.595683031,1.178582393
418,-0.469395161,-1.062396935,-0.073527832,0.649561619,0.330034056,-0.170515141,0.267096553,-0.442071213,-0.678903567,-0.354786779,-1.174769351,-0.593258649
419,0.527780296,0.376288523,0.072812443,0.143683329,-0.460786919,-0.86602713,-0.928395859,-0.945117549,-1.362766341,-1.7007994,-0.965099269,-0.349724794
